{"metadata":{"asset_id":"55d9fb54-7304-4666-8ec9-9ec34ee76422","asset_attributes":["wml_model","modelfacts_system"],"name":"GFT_Apriori","asset_type":"wml_model","created_at":"2021-11-27T11:28:25Z","description":"","origin_country":"us","owner_id":"IBMid-662002KJCY","project_id":"eadf159a-aa10-46de-b3c1-f4faed27f797","sandbox_id":"eadf159a-aa10-46de-b3c1-f4faed27f797","size":19809,"tags":[],"usage":{"last_update_time":1638012509800,"last_updated_at":"2021-11-27T11:28:29Z"}},"entity":{"wml_model":{"software_spec":{"base_id":"687eddc9-028a-4117-b9dd-e57b36f1efa5","name":"spss-modeler_18.2"},"ml_version":"4.0.12","type":"spss-modeler_18.2","schemas":{"input":[{"fields":[{"metadata":{},"name":"ID","nullable":true,"type":"double"},{"metadata":{},"name":"Idade","nullable":true,"type":"double"},{"metadata":{},"name":"Renda","nullable":true,"type":"double"},{"metadata":{},"name":"Regiao","nullable":true,"type":"string"},{"metadata":{},"name":"Genero","nullable":true,"type":"double"},{"metadata":{},"name":"seguro auto","nullable":true,"type":"string"},{"metadata":{},"name":"seguro vida Emp","nullable":true,"type":"string"},{"metadata":{},"name":"seguro vida PF","nullable":true,"type":"string"},{"metadata":{},"name":"Seguro Residencial","nullable":true,"type":"string"}],"id":"InsuranceCompanyABC.csv","name":"InsuranceCompanyABC.csv","type":"struct"},{"fields":[{"metadata":{},"name":"ID","nullable":true,"type":"double"},{"metadata":{},"name":"Investimento Fundos_cambiais","nullable":true,"type":"string"},{"metadata":{},"name":"Investimento Fundos_commodities","nullable":true,"type":"string"},{"metadata":{},"name":"Investimento LCI","nullable":true,"type":"string"},{"metadata":{},"name":"Investimento LCA","nullable":true,"type":"string"},{"metadata":{},"name":"Investimento Poupanca","nullable":true,"type":"string"},{"metadata":{},"name":"Investimento Fundos Multimercado","nullable":true,"type":"string"},{"metadata":{},"name":"Investimento Tesouro Direto","nullable":true,"type":"string"}],"id":"InvestmentBankCDE.csv","name":"InvestmentBankCDE.csv","type":"struct"},{"fields":[{"metadata":{},"name":"ID","nullable":true,"type":"double"},{"metadata":{},"name":"Financiamento Casa","nullable":true,"type":"string"},{"metadata":{},"name":"Financiamento Carro","nullable":true,"type":"string"},{"metadata":{},"name":"Emprestimo _pessoal","nullable":true,"type":"string"},{"metadata":{},"name":"Emprestimo _consignado","nullable":true,"type":"string"},{"metadata":{},"name":"Emprestimo _limite_especial","nullable":true,"type":"string"},{"metadata":{},"name":"Emprestimo _educacao","nullable":true,"type":"string"},{"metadata":{},"name":"Emprestimo _viagem","nullable":true,"type":"string"},{"metadata":{},"name":"Investimento CDB","nullable":true,"type":"string"},{"metadata":{},"name":"Investimento Fundos","nullable":true,"type":"string"}],"id":"RetailBankEFG.csv","name":"RetailBankEFG.csv","type":"struct"}],"output":[{"fields":[{"metadata":{},"name":"ID","nullable":true,"type":"double"},{"metadata":{},"name":"Idade","nullable":true,"type":"double"},{"metadata":{},"name":"Renda","nullable":true,"type":"double"},{"metadata":{},"name":"Regiao","nullable":true,"type":"string"},{"metadata":{},"name":"Genero","nullable":true,"type":"double"},{"metadata":{},"name":"seguro auto","nullable":true,"type":"string"},{"metadata":{},"name":"seguro vida Emp","nullable":true,"type":"string"},{"metadata":{},"name":"seguro vida PF","nullable":true,"type":"string"},{"metadata":{},"name":"Seguro Residencial","nullable":true,"type":"string"},{"metadata":{},"name":"Investimento Fundos_cambiais","nullable":true,"type":"string"},{"metadata":{},"name":"Investimento Fundos_commodities","nullable":true,"type":"string"},{"metadata":{},"name":"Investimento LCI","nullable":true,"type":"string"},{"metadata":{},"name":"Investimento LCA","nullable":true,"type":"string"},{"metadata":{},"name":"Investimento Poupanca","nullable":true,"type":"string"},{"metadata":{},"name":"Investimento Fundos Multimercado","nullable":true,"type":"string"},{"metadata":{},"name":"Investimento Tesouro Direto","nullable":true,"type":"string"},{"metadata":{},"name":"Financiamento Casa","nullable":true,"type":"string"},{"metadata":{},"name":"Financiamento Carro","nullable":true,"type":"string"},{"metadata":{},"name":"Emprestimo _pessoal","nullable":true,"type":"string"},{"metadata":{},"name":"Emprestimo _consignado","nullable":true,"type":"string"},{"metadata":{},"name":"Emprestimo _limite_especial","nullable":true,"type":"string"},{"metadata":{},"name":"Emprestimo _educacao","nullable":true,"type":"string"},{"metadata":{},"name":"Emprestimo _viagem","nullable":true,"type":"string"},{"metadata":{},"name":"Investimento CDB","nullable":true,"type":"string"},{"metadata":{},"name":"Investimento Fundos","nullable":true,"type":"string"}],"id":"id2MSWA2CZGYM","name":"Apriori","type":"struct"}]}},"modelfacts_system":{"model_information":{"model_type":"spss-modeler_18.2","input_type":"","algorithm":"","prediction_type":"","software_spec":"spss-modeler_18.2","software_spec_id":"687eddc9-028a-4117-b9dd-e57b36f1efa5"},"training_information":{"project_name":"Desafio-03","training_data_references":[],"hyper_parameters":"","hybrid_pipeline":[],"features":27}}},"attachments":[{"id":"a9815a1a-4ef6-44d7-8044-61b2efa86f6d","version":2,"asset_type":"wml_model","datasource_type":"193a97c1-4475-4a19-b90c-295c4fdc6517","creator_id":"IBMid-662002KJCY","create_time":1638012506618,"size":19809,"is_remote":false,"is_managed":true,"is_referenced":false,"is_object_key_read_only":false,"is_user_provided_path_key":false,"transfer_complete":true,"is_partitioned":false,"complete_time_ticks":1638012509674,"user_data":{"content_format":"native"},"test_doc":0,"handle":{"bucket":"desafio03-donotdelete-pr-f7svbkq6t48ioi","location":"us-geo","type":"bluemix_cos","key":"2ec21f74-a4cb-4f9c-ab6c-e805c4c9b727/55d9fb54-7304-4666-8ec9-9ec34ee76422/a9815a1a-4ef6-44d7-8044-61b2efa86f6d","upload_id":"done","max_part_num":1},"usage":{"access_count":0,"last_accessor_id":"IBMid-662002KJCY","last_access_time":1638012506618}}]}
